"Status","Start Time","Stop Time","Duration in ms","Parent Suite","Suite","Sub Suite","Test Class","Test Method","Name","Description"
"passed","Fri Dec 04 04:21:13 CST 2020","Fri Dec 04 04:21:13 CST 2020","4","","test_calc","TestCalc","","","test_sub1[2-1-1]",""
"broken","Fri Dec 04 04:21:13 CST 2020","Fri Dec 04 04:21:13 CST 2020","0","","test_calc","TestCalc","","","test_mul1[a1-1-a]",""
"passed","Fri Dec 04 04:21:13 CST 2020","Fri Dec 04 04:21:13 CST 2020","2","","test_calc","TestCalc","","","test_add[负数]",""
"passed","Fri Dec 04 04:21:13 CST 2020","Fri Dec 04 04:21:13 CST 2020","3","","test_calc","TestCalc","","","test_mul1[2-1-2]",""
"passed","Fri Dec 04 04:21:13 CST 2020","Fri Dec 04 04:21:13 CST 2020","3","","test_calc","TestCalc","","","test_mul1[0.30000000000000004-0.6-0.18]",""
"passed","Fri Dec 04 04:21:13 CST 2020","Fri Dec 04 04:21:13 CST 2020","3","","test_calc","TestCalc","","","test_sub[负数]",""
"broken","Fri Dec 04 04:21:13 CST 2020","Fri Dec 04 04:21:13 CST 2020","0","","test_calc","TestCalc","","","test_sub1[a1-1-a]",""
"passed","Fri Dec 04 04:21:13 CST 2020","Fri Dec 04 04:21:13 CST 2020","0","","test_calc","TestCalc","","","test_add2[a-1-a1]",""
"passed","Fri Dec 04 04:21:13 CST 2020","Fri Dec 04 04:21:13 CST 2020","2","","test_calc","TestCalc","","","test_add[浮点数]",""
"passed","Fri Dec 04 04:21:13 CST 2020","Fri Dec 04 04:21:13 CST 2020","3","","test_calc","TestCalc","","","test_sub1[0.30000000000000004-0.6--0.3]",""
"passed","Fri Dec 04 04:21:13 CST 2020","Fri Dec 04 04:21:13 CST 2020","2","","test_calc","TestCalc","","","test_div[负数]",""
"passed","Fri Dec 04 04:21:13 CST 2020","Fri Dec 04 04:21:13 CST 2020","2","","test_calc","TestCalc","","","test_add1[2-2-4]",""
"passed","Fri Dec 04 04:21:13 CST 2020","Fri Dec 04 04:21:13 CST 2020","2","","test_calc","TestCalc","","","test_div[除零]",""
"passed","Fri Dec 04 04:21:13 CST 2020","Fri Dec 04 04:21:13 CST 2020","3","","test_calc","TestCalc","","","test_mul[负数_负]",""
"passed","Fri Dec 04 04:21:13 CST 2020","Fri Dec 04 04:21:13 CST 2020","3","","test_calc","TestCalc","","","test_add1[0.30000000000000004-0.2-0.5]",""
"passed","Fri Dec 04 04:21:13 CST 2020","Fri Dec 04 04:21:13 CST 2020","2","","test_calc","TestCalc","","","test_div[浮点数]",""
"passed","Fri Dec 04 04:21:13 CST 2020","Fri Dec 04 04:21:13 CST 2020","2","","test_calc","TestCalc","","","test_div[结果=零]",""
"passed","Fri Dec 04 04:21:13 CST 2020","Fri Dec 04 04:21:13 CST 2020","3","","test_calc","TestCalc","","","test_mul[浮点数]",""
"passed","Fri Dec 04 04:21:13 CST 2020","Fri Dec 04 04:21:13 CST 2020","7","","test_calc","TestCalc","","","test_add3",""
"passed","Fri Dec 04 04:21:13 CST 2020","Fri Dec 04 04:21:13 CST 2020","0","","test_calc","TestCalc","","","test_div1[a-1-a1]",""
"passed","Fri Dec 04 04:21:13 CST 2020","Fri Dec 04 04:21:13 CST 2020","5","","test_calc","TestCalc","","","test_mul[大数]",""
"passed","Fri Dec 04 04:21:13 CST 2020","Fri Dec 04 04:21:13 CST 2020","3","","test_calc","TestCalc","","","test_sub[大数]",""
"passed","Fri Dec 04 04:21:13 CST 2020","Fri Dec 04 04:21:13 CST 2020","4","","test_calc","TestCalc","","","test_mul[负数_正]",""
"passed","Fri Dec 04 04:21:13 CST 2020","Fri Dec 04 04:21:13 CST 2020","1","","test_calc","TestCalc","","","test_add2[None-None-None]",""
"passed","Fri Dec 04 04:21:13 CST 2020","Fri Dec 04 04:21:13 CST 2020","3","","test_calc","TestCalc","","","test_sub[浮点数]",""
"failed","Fri Dec 04 04:21:13 CST 2020","Fri Dec 04 04:21:13 CST 2020","6","","test_calc","TestCalc","","","test_add1[a-b-c]",""
"passed","Fri Dec 04 04:21:13 CST 2020","Fri Dec 04 04:21:13 CST 2020","2","","test_calc","TestCalc","","","test_div[大数]",""
"passed","Fri Dec 04 04:21:13 CST 2020","Fri Dec 04 04:21:13 CST 2020","55","","test_calc","TestCalc","","","test_add[大数]",""
"passed","Fri Dec 04 04:21:13 CST 2020","Fri Dec 04 04:21:13 CST 2020","0","","test_calc","TestCalc","","","test_div1[None-None-None]",""
"passed","Fri Dec 04 04:21:13 CST 2020","Fri Dec 04 04:21:13 CST 2020","3","","test_calc","TestCalc","","","test_add1[a-1-a1]",""
